--
-- PostgreSQL database dump
--

-- Dumped from database version 12.22 (Ubuntu 12.22-0ubuntu0.20.04.4)
-- Dumped by pg_dump version 12.22 (Ubuntu 12.22-0ubuntu0.20.04.4)

SET statement_timeout = 0;
SET lock_timeout = 0;
SET idle_in_transaction_session_timeout = 0;
SET client_encoding = 'UTF8';
SET standard_conforming_strings = on;
SELECT pg_catalog.set_config('search_path', '', false);
SET check_function_bodies = false;
SET xmloption = content;
SET client_min_messages = warning;
SET row_security = off;

DROP DATABASE universe;
--
-- Name: universe; Type: DATABASE; Schema: -; Owner: freecodecamp
--

CREATE DATABASE universe WITH TEMPLATE = template0 ENCODING = 'UTF8' LC_COLLATE = 'C.UTF-8' LC_CTYPE = 'C.UTF-8';


ALTER DATABASE universe OWNER TO freecodecamp;

\connect universe

SET statement_timeout = 0;
SET lock_timeout = 0;
SET idle_in_transaction_session_timeout = 0;
SET client_encoding = 'UTF8';
SET standard_conforming_strings = on;
SELECT pg_catalog.set_config('search_path', '', false);
SET check_function_bodies = false;
SET xmloption = content;
SET client_min_messages = warning;
SET row_security = off;

SET default_tablespace = '';

SET default_table_access_method = heap;

--
-- Name: galaxy; Type: TABLE; Schema: public; Owner: freecodecamp
--

CREATE TABLE public.galaxy (
    galaxy_id integer NOT NULL,
    name character varying(30) NOT NULL,
    numbers_of_stars integer,
    numbers_of_planets integer,
    mass_trillion_solar numeric,
    galaxy_type text,
    is_spiral boolean,
    has_black_hole boolean
);


ALTER TABLE public.galaxy OWNER TO freecodecamp;

--
-- Name: galaxy_galaxy_id_seq; Type: SEQUENCE; Schema: public; Owner: freecodecamp
--

CREATE SEQUENCE public.galaxy_galaxy_id_seq
    AS integer
    START WITH 1
    INCREMENT BY 1
    NO MINVALUE
    NO MAXVALUE
    CACHE 1;


ALTER TABLE public.galaxy_galaxy_id_seq OWNER TO freecodecamp;

--
-- Name: galaxy_galaxy_id_seq; Type: SEQUENCE OWNED BY; Schema: public; Owner: freecodecamp
--

ALTER SEQUENCE public.galaxy_galaxy_id_seq OWNED BY public.galaxy.galaxy_id;


--
-- Name: moon; Type: TABLE; Schema: public; Owner: freecodecamp
--

CREATE TABLE public.moon (
    moon_id integer NOT NULL,
    name character varying(30) NOT NULL,
    numbers_of_craters integer,
    orbital_period_days integer,
    mass_moon numeric,
    surface_type text,
    has_atmosphere boolean,
    is_tidally_locked boolean,
    planet_id integer NOT NULL
);


ALTER TABLE public.moon OWNER TO freecodecamp;

--
-- Name: moon_moon_id_seq; Type: SEQUENCE; Schema: public; Owner: freecodecamp
--

CREATE SEQUENCE public.moon_moon_id_seq
    AS integer
    START WITH 1
    INCREMENT BY 1
    NO MINVALUE
    NO MAXVALUE
    CACHE 1;


ALTER TABLE public.moon_moon_id_seq OWNER TO freecodecamp;

--
-- Name: moon_moon_id_seq; Type: SEQUENCE OWNED BY; Schema: public; Owner: freecodecamp
--

ALTER SEQUENCE public.moon_moon_id_seq OWNED BY public.moon.moon_id;


--
-- Name: moon_planet_id_seq; Type: SEQUENCE; Schema: public; Owner: freecodecamp
--

CREATE SEQUENCE public.moon_planet_id_seq
    AS integer
    START WITH 1
    INCREMENT BY 1
    NO MINVALUE
    NO MAXVALUE
    CACHE 1;


ALTER TABLE public.moon_planet_id_seq OWNER TO freecodecamp;

--
-- Name: moon_planet_id_seq; Type: SEQUENCE OWNED BY; Schema: public; Owner: freecodecamp
--

ALTER SEQUENCE public.moon_planet_id_seq OWNED BY public.moon.planet_id;


--
-- Name: more_info; Type: TABLE; Schema: public; Owner: freecodecamp
--

CREATE TABLE public.more_info (
    more_info_id integer NOT NULL,
    name character varying(30) NOT NULL,
    information text
);


ALTER TABLE public.more_info OWNER TO freecodecamp;

--
-- Name: more_info_more_info_id_seq; Type: SEQUENCE; Schema: public; Owner: freecodecamp
--

CREATE SEQUENCE public.more_info_more_info_id_seq
    AS integer
    START WITH 1
    INCREMENT BY 1
    NO MINVALUE
    NO MAXVALUE
    CACHE 1;


ALTER TABLE public.more_info_more_info_id_seq OWNER TO freecodecamp;

--
-- Name: more_info_more_info_id_seq; Type: SEQUENCE OWNED BY; Schema: public; Owner: freecodecamp
--

ALTER SEQUENCE public.more_info_more_info_id_seq OWNED BY public.more_info.more_info_id;


--
-- Name: planet; Type: TABLE; Schema: public; Owner: freecodecamp
--

CREATE TABLE public.planet (
    planet_id integer NOT NULL,
    name character varying(30) NOT NULL,
    radius_km integer,
    orbital_period_days integer,
    mass_earth numeric,
    atmosphere_type text,
    has_life boolean,
    has_rings boolean,
    star_id integer NOT NULL
);


ALTER TABLE public.planet OWNER TO freecodecamp;

--
-- Name: planet_planet_id_seq; Type: SEQUENCE; Schema: public; Owner: freecodecamp
--

CREATE SEQUENCE public.planet_planet_id_seq
    AS integer
    START WITH 1
    INCREMENT BY 1
    NO MINVALUE
    NO MAXVALUE
    CACHE 1;


ALTER TABLE public.planet_planet_id_seq OWNER TO freecodecamp;

--
-- Name: planet_planet_id_seq; Type: SEQUENCE OWNED BY; Schema: public; Owner: freecodecamp
--

ALTER SEQUENCE public.planet_planet_id_seq OWNED BY public.planet.planet_id;


--
-- Name: planet_star_id_seq; Type: SEQUENCE; Schema: public; Owner: freecodecamp
--

CREATE SEQUENCE public.planet_star_id_seq
    AS integer
    START WITH 1
    INCREMENT BY 1
    NO MINVALUE
    NO MAXVALUE
    CACHE 1;


ALTER TABLE public.planet_star_id_seq OWNER TO freecodecamp;

--
-- Name: planet_star_id_seq; Type: SEQUENCE OWNED BY; Schema: public; Owner: freecodecamp
--

ALTER SEQUENCE public.planet_star_id_seq OWNED BY public.planet.star_id;


--
-- Name: star; Type: TABLE; Schema: public; Owner: freecodecamp
--

CREATE TABLE public.star (
    star_id integer NOT NULL,
    name character varying(30) NOT NULL,
    age_million_years integer,
    numbers_of_planets integer,
    mass_solar numeric,
    spectral_class text,
    is_binary boolean,
    is_variable boolean,
    galaxy_id integer NOT NULL
);


ALTER TABLE public.star OWNER TO freecodecamp;

--
-- Name: star_galaxy_id_seq; Type: SEQUENCE; Schema: public; Owner: freecodecamp
--

CREATE SEQUENCE public.star_galaxy_id_seq
    AS integer
    START WITH 1
    INCREMENT BY 1
    NO MINVALUE
    NO MAXVALUE
    CACHE 1;


ALTER TABLE public.star_galaxy_id_seq OWNER TO freecodecamp;

--
-- Name: star_galaxy_id_seq; Type: SEQUENCE OWNED BY; Schema: public; Owner: freecodecamp
--

ALTER SEQUENCE public.star_galaxy_id_seq OWNED BY public.star.galaxy_id;


--
-- Name: star_star_id_seq; Type: SEQUENCE; Schema: public; Owner: freecodecamp
--

CREATE SEQUENCE public.star_star_id_seq
    AS integer
    START WITH 1
    INCREMENT BY 1
    NO MINVALUE
    NO MAXVALUE
    CACHE 1;


ALTER TABLE public.star_star_id_seq OWNER TO freecodecamp;

--
-- Name: star_star_id_seq; Type: SEQUENCE OWNED BY; Schema: public; Owner: freecodecamp
--

ALTER SEQUENCE public.star_star_id_seq OWNED BY public.star.star_id;


--
-- Name: galaxy galaxy_id; Type: DEFAULT; Schema: public; Owner: freecodecamp
--

ALTER TABLE ONLY public.galaxy ALTER COLUMN galaxy_id SET DEFAULT nextval('public.galaxy_galaxy_id_seq'::regclass);


--
-- Name: moon moon_id; Type: DEFAULT; Schema: public; Owner: freecodecamp
--

ALTER TABLE ONLY public.moon ALTER COLUMN moon_id SET DEFAULT nextval('public.moon_moon_id_seq'::regclass);


--
-- Name: moon planet_id; Type: DEFAULT; Schema: public; Owner: freecodecamp
--

ALTER TABLE ONLY public.moon ALTER COLUMN planet_id SET DEFAULT nextval('public.moon_planet_id_seq'::regclass);


--
-- Name: more_info more_info_id; Type: DEFAULT; Schema: public; Owner: freecodecamp
--

ALTER TABLE ONLY public.more_info ALTER COLUMN more_info_id SET DEFAULT nextval('public.more_info_more_info_id_seq'::regclass);


--
-- Name: planet planet_id; Type: DEFAULT; Schema: public; Owner: freecodecamp
--

ALTER TABLE ONLY public.planet ALTER COLUMN planet_id SET DEFAULT nextval('public.planet_planet_id_seq'::regclass);


--
-- Name: planet star_id; Type: DEFAULT; Schema: public; Owner: freecodecamp
--

ALTER TABLE ONLY public.planet ALTER COLUMN star_id SET DEFAULT nextval('public.planet_star_id_seq'::regclass);


--
-- Name: star star_id; Type: DEFAULT; Schema: public; Owner: freecodecamp
--

ALTER TABLE ONLY public.star ALTER COLUMN star_id SET DEFAULT nextval('public.star_star_id_seq'::regclass);


--
-- Name: star galaxy_id; Type: DEFAULT; Schema: public; Owner: freecodecamp
--

ALTER TABLE ONLY public.star ALTER COLUMN galaxy_id SET DEFAULT nextval('public.star_galaxy_id_seq'::regclass);


--
-- Data for Name: galaxy; Type: TABLE DATA; Schema: public; Owner: freecodecamp
--

INSERT INTO public.galaxy VALUES (1, 'Way', NULL, NULL, NULL, NULL, NULL, NULL);
INSERT INTO public.galaxy VALUES (2, 'Andro', NULL, NULL, NULL, NULL, NULL, NULL);
INSERT INTO public.galaxy VALUES (3, 'Triangulum', NULL, NULL, NULL, NULL, NULL, NULL);
INSERT INTO public.galaxy VALUES (4, 'Sombrero', NULL, NULL, NULL, NULL, NULL, NULL);
INSERT INTO public.galaxy VALUES (5, 'Whirpool', NULL, NULL, NULL, NULL, NULL, NULL);
INSERT INTO public.galaxy VALUES (6, 'Messier 87', NULL, NULL, NULL, NULL, NULL, NULL);


--
-- Data for Name: moon; Type: TABLE DATA; Schema: public; Owner: freecodecamp
--

INSERT INTO public.moon VALUES (1, 'Moon', NULL, NULL, NULL, NULL, NULL, NULL, 1);
INSERT INTO public.moon VALUES (2, 'Phobos', NULL, NULL, NULL, NULL, NULL, NULL, 1);
INSERT INTO public.moon VALUES (3, 'Deimos', NULL, NULL, NULL, NULL, NULL, NULL, 2);
INSERT INTO public.moon VALUES (4, 'IO', NULL, NULL, NULL, NULL, NULL, NULL, 2);
INSERT INTO public.moon VALUES (5, 'Europa', NULL, NULL, NULL, NULL, NULL, NULL, 3);
INSERT INTO public.moon VALUES (6, 'Ganymede', NULL, NULL, NULL, NULL, NULL, NULL, 3);
INSERT INTO public.moon VALUES (7, 'Callisto', NULL, NULL, NULL, NULL, NULL, NULL, 4);
INSERT INTO public.moon VALUES (8, 'Titan', NULL, NULL, NULL, NULL, NULL, NULL, 4);
INSERT INTO public.moon VALUES (9, 'Enceladus', NULL, NULL, NULL, NULL, NULL, NULL, 5);
INSERT INTO public.moon VALUES (10, 'Mimas', NULL, NULL, NULL, NULL, NULL, NULL, 5);
INSERT INTO public.moon VALUES (11, 'Triton', NULL, NULL, NULL, NULL, NULL, NULL, 6);
INSERT INTO public.moon VALUES (12, 'Oberon', NULL, NULL, NULL, NULL, NULL, NULL, 6);
INSERT INTO public.moon VALUES (13, 'Titania', NULL, NULL, NULL, NULL, NULL, NULL, 7);
INSERT INTO public.moon VALUES (14, 'Rhea', NULL, NULL, NULL, NULL, NULL, NULL, 7);
INSERT INTO public.moon VALUES (15, 'Iapetus', NULL, NULL, NULL, NULL, NULL, NULL, 8);
INSERT INTO public.moon VALUES (16, 'Dione', NULL, NULL, NULL, NULL, NULL, NULL, 8);
INSERT INTO public.moon VALUES (17, 'Tethys', NULL, NULL, NULL, NULL, NULL, NULL, 9);
INSERT INTO public.moon VALUES (18, 'Miranda', NULL, NULL, NULL, NULL, NULL, NULL, 10);
INSERT INTO public.moon VALUES (19, 'Charon', NULL, NULL, NULL, NULL, NULL, NULL, 11);
INSERT INTO public.moon VALUES (20, 'Nereid', NULL, NULL, NULL, NULL, NULL, NULL, 12);


--
-- Data for Name: more_info; Type: TABLE DATA; Schema: public; Owner: freecodecamp
--

INSERT INTO public.more_info VALUES (1, 'Primary celestial body', NULL);
INSERT INTO public.more_info VALUES (2, 'Habitable zone object', NULL);
INSERT INTO public.more_info VALUES (3, 'Gas-based structure', NULL);


--
-- Data for Name: planet; Type: TABLE DATA; Schema: public; Owner: freecodecamp
--

INSERT INTO public.planet VALUES (1, 'Mercury', NULL, NULL, NULL, NULL, NULL, NULL, 1);
INSERT INTO public.planet VALUES (2, 'Venus', NULL, NULL, NULL, NULL, NULL, NULL, 1);
INSERT INTO public.planet VALUES (3, 'Earth', NULL, NULL, NULL, NULL, NULL, NULL, 2);
INSERT INTO public.planet VALUES (4, 'Mars', NULL, NULL, NULL, NULL, NULL, NULL, 2);
INSERT INTO public.planet VALUES (5, 'Jupiter', NULL, NULL, NULL, NULL, NULL, NULL, 3);
INSERT INTO public.planet VALUES (6, 'Saturn', NULL, NULL, NULL, NULL, NULL, NULL, 3);
INSERT INTO public.planet VALUES (7, 'Uranus', NULL, NULL, NULL, NULL, NULL, NULL, 4);
INSERT INTO public.planet VALUES (8, 'Neptune', NULL, NULL, NULL, NULL, NULL, NULL, 4);
INSERT INTO public.planet VALUES (9, 'Kepler-22b', NULL, NULL, NULL, NULL, NULL, NULL, 5);
INSERT INTO public.planet VALUES (10, 'Proxima b', NULL, NULL, NULL, NULL, NULL, NULL, 5);
INSERT INTO public.planet VALUES (11, 'HD 209458 b', NULL, NULL, NULL, NULL, NULL, NULL, 6);
INSERT INTO public.planet VALUES (12, 'Gliese 581 g', NULL, NULL, NULL, NULL, NULL, NULL, 6);


--
-- Data for Name: star; Type: TABLE DATA; Schema: public; Owner: freecodecamp
--

INSERT INTO public.star VALUES (1, 'Sun', NULL, NULL, NULL, NULL, NULL, NULL, 1);
INSERT INTO public.star VALUES (2, 'Sirius', NULL, NULL, NULL, NULL, NULL, NULL, 2);
INSERT INTO public.star VALUES (3, 'Betelgeuse', NULL, NULL, NULL, NULL, NULL, NULL, 3);
INSERT INTO public.star VALUES (4, 'Vega', NULL, NULL, NULL, NULL, NULL, NULL, 4);
INSERT INTO public.star VALUES (5, 'Rigel', NULL, NULL, NULL, NULL, NULL, NULL, 5);
INSERT INTO public.star VALUES (6, 'Proxima', NULL, NULL, NULL, NULL, NULL, NULL, 6);


--
-- Name: galaxy_galaxy_id_seq; Type: SEQUENCE SET; Schema: public; Owner: freecodecamp
--

SELECT pg_catalog.setval('public.galaxy_galaxy_id_seq', 6, true);


--
-- Name: moon_moon_id_seq; Type: SEQUENCE SET; Schema: public; Owner: freecodecamp
--

SELECT pg_catalog.setval('public.moon_moon_id_seq', 21, true);


--
-- Name: moon_planet_id_seq; Type: SEQUENCE SET; Schema: public; Owner: freecodecamp
--

SELECT pg_catalog.setval('public.moon_planet_id_seq', 20, true);


--
-- Name: more_info_more_info_id_seq; Type: SEQUENCE SET; Schema: public; Owner: freecodecamp
--

SELECT pg_catalog.setval('public.more_info_more_info_id_seq', 3, true);


--
-- Name: planet_planet_id_seq; Type: SEQUENCE SET; Schema: public; Owner: freecodecamp
--

SELECT pg_catalog.setval('public.planet_planet_id_seq', 13, true);


--
-- Name: planet_star_id_seq; Type: SEQUENCE SET; Schema: public; Owner: freecodecamp
--

SELECT pg_catalog.setval('public.planet_star_id_seq', 12, true);


--
-- Name: star_galaxy_id_seq; Type: SEQUENCE SET; Schema: public; Owner: freecodecamp
--

SELECT pg_catalog.setval('public.star_galaxy_id_seq', 12, true);


--
-- Name: star_star_id_seq; Type: SEQUENCE SET; Schema: public; Owner: freecodecamp
--

SELECT pg_catalog.setval('public.star_star_id_seq', 12, true);


--
-- Name: galaxy galaxy_galaxy_type_key; Type: CONSTRAINT; Schema: public; Owner: freecodecamp
--

ALTER TABLE ONLY public.galaxy
    ADD CONSTRAINT galaxy_galaxy_type_key UNIQUE (galaxy_type);


--
-- Name: galaxy galaxy_pkey; Type: CONSTRAINT; Schema: public; Owner: freecodecamp
--

ALTER TABLE ONLY public.galaxy
    ADD CONSTRAINT galaxy_pkey PRIMARY KEY (galaxy_id);


--
-- Name: moon moon_pkey; Type: CONSTRAINT; Schema: public; Owner: freecodecamp
--

ALTER TABLE ONLY public.moon
    ADD CONSTRAINT moon_pkey PRIMARY KEY (moon_id);


--
-- Name: moon moon_surface_type_key; Type: CONSTRAINT; Schema: public; Owner: freecodecamp
--

ALTER TABLE ONLY public.moon
    ADD CONSTRAINT moon_surface_type_key UNIQUE (surface_type);


--
-- Name: more_info more_info_information_key; Type: CONSTRAINT; Schema: public; Owner: freecodecamp
--

ALTER TABLE ONLY public.more_info
    ADD CONSTRAINT more_info_information_key UNIQUE (information);


--
-- Name: more_info more_info_pkey; Type: CONSTRAINT; Schema: public; Owner: freecodecamp
--

ALTER TABLE ONLY public.more_info
    ADD CONSTRAINT more_info_pkey PRIMARY KEY (more_info_id);


--
-- Name: planet planet_atmosphere_type_key; Type: CONSTRAINT; Schema: public; Owner: freecodecamp
--

ALTER TABLE ONLY public.planet
    ADD CONSTRAINT planet_atmosphere_type_key UNIQUE (atmosphere_type);


--
-- Name: planet planet_pkey; Type: CONSTRAINT; Schema: public; Owner: freecodecamp
--

ALTER TABLE ONLY public.planet
    ADD CONSTRAINT planet_pkey PRIMARY KEY (planet_id);


--
-- Name: star star_pkey; Type: CONSTRAINT; Schema: public; Owner: freecodecamp
--

ALTER TABLE ONLY public.star
    ADD CONSTRAINT star_pkey PRIMARY KEY (star_id);


--
-- Name: star star_spectral_class_key; Type: CONSTRAINT; Schema: public; Owner: freecodecamp
--

ALTER TABLE ONLY public.star
    ADD CONSTRAINT star_spectral_class_key UNIQUE (spectral_class);


--
-- Name: moon moon_planet_id_fkey; Type: FK CONSTRAINT; Schema: public; Owner: freecodecamp
--

ALTER TABLE ONLY public.moon
    ADD CONSTRAINT moon_planet_id_fkey FOREIGN KEY (planet_id) REFERENCES public.planet(planet_id);


--
-- Name: planet planet_star_id_fkey; Type: FK CONSTRAINT; Schema: public; Owner: freecodecamp
--

ALTER TABLE ONLY public.planet
    ADD CONSTRAINT planet_star_id_fkey FOREIGN KEY (star_id) REFERENCES public.star(star_id);


--
-- Name: star star_galaxy_id_fkey; Type: FK CONSTRAINT; Schema: public; Owner: freecodecamp
--

ALTER TABLE ONLY public.star
    ADD CONSTRAINT star_galaxy_id_fkey FOREIGN KEY (galaxy_id) REFERENCES public.galaxy(galaxy_id);


--
-- PostgreSQL database dump complete
--

